city,strategy,pct,seed,n_chosen,chosen_pool_mean_score,overall_pool_mean_score,gap,scoring_surface,saturated,nonzero_count
"Minneapolis, MN",random,10,0,2637,17.01228899396647,16.96243721400333,0.049851779963141496,flood-focused,False,26372
"Minneapolis, MN",random,10,1,2637,16.779005269106207,16.96243721400333,-0.1834319448971229,flood-focused,False,26372
"Minneapolis, MN",random,10,2,2637,16.89953361214718,16.96243721400333,-0.0629036018561493,flood-focused,False,26372
"Minneapolis, MN",random,10,3,2637,16.768985242203282,16.96243721400333,-0.19345197180004803,flood-focused,False,26372
"Minneapolis, MN",random,10,4,2637,17.049802204169286,16.96243721400333,0.08736499016595545,flood-focused,False,26372
"Minneapolis, MN",random,10,5,2637,17.033771727566126,16.96243721400333,0.07133451356279608,flood-focused,False,26372
"Minneapolis, MN",random,10,6,2637,17.082801278256657,16.96243721400333,0.12036406425332657,flood-focused,False,26372
"Minneapolis, MN",random,10,7,2637,17.06581140152487,16.96243721400333,0.10337418752153837,flood-focused,False,26372
"Minneapolis, MN",random,10,8,2637,17.06298345072506,16.96243721400333,0.1005462367217298,flood-focused,False,26372
"Minneapolis, MN",random,10,9,2637,16.853152423366666,16.96243721400333,-0.1092847906366643,flood-focused,False,26372
"Minneapolis, MN",flood-focused,10,0,2637,18.720306457251876,16.96243721400333,1.757869243248546,flood-focused,False,25917
"Minneapolis, MN",flood-focused,10,1,2637,18.722928626680996,16.96243721400333,1.7604914126776663,flood-focused,False,25917
"Minneapolis, MN",flood-focused,10,2,2637,18.721660380424783,16.96243721400333,1.759223166421453,flood-focused,False,25917
"Minneapolis, MN",flood-focused,10,3,2637,18.63537173087227,16.96243721400333,1.6729345168689385,flood-focused,False,25917
"Minneapolis, MN",flood-focused,10,4,2637,18.63064708213507,16.96243721400333,1.6682098681317399,flood-focused,False,25917
"Minneapolis, MN",flood-focused,10,5,2637,18.66525377065317,16.96243721400333,1.7028165566498394,flood-focused,False,25917
"Minneapolis, MN",flood-focused,10,6,2637,18.66839599870468,16.96243721400333,1.7059587847013482,flood-focused,False,25917
"Minneapolis, MN",flood-focused,10,7,2637,18.587220592000573,16.96243721400333,1.6247833779972432,flood-focused,False,25917
"Minneapolis, MN",flood-focused,10,8,2637,18.636749260882542,16.96243721400333,1.674312046879212,flood-focused,False,25917
"Minneapolis, MN",flood-focused,10,9,2637,18.65891768130812,16.96243721400333,1.6964804673047915,flood-focused,False,25917
"Minneapolis, MN",cooling-focused,10,0,2637,0.392086395854673,0.3606266535453467,0.0314597423093263,cooling-focused,False,26372
"Minneapolis, MN",cooling-focused,10,1,2637,0.39197333613546753,0.3606266535453467,0.031346682590120856,cooling-focused,False,26372
"Minneapolis, MN",cooling-focused,10,2,2637,0.3923656151982122,0.3606266535453467,0.03173896165286555,cooling-focused,False,26372
"Minneapolis, MN",cooling-focused,10,3,2637,0.39395058841842856,0.3606266535453467,0.033323934873081884,cooling-focused,False,26372
"Minneapolis, MN",cooling-focused,10,4,2637,0.39114526069123623,0.3606266535453467,0.030518607145889554,cooling-focused,False,26372
"Minneapolis, MN",cooling-focused,10,5,2637,0.3942118046320059,0.3606266535453467,0.033585151086659215,cooling-focused,False,26372
"Minneapolis, MN",cooling-focused,10,6,2637,0.3954024550575311,0.3606266535453467,0.0347758015121844,cooling-focused,False,26372
"Minneapolis, MN",cooling-focused,10,7,2637,0.3938556067248368,0.3606266535453467,0.03322895317949015,cooling-focused,False,26372
"Minneapolis, MN",cooling-focused,10,8,2637,0.3923033907511357,0.3606266535453467,0.03167673720578901,cooling-focused,False,26372
"Minneapolis, MN",cooling-focused,10,9,2637,0.39294139084455526,0.3606266535453467,0.032314737299208585,cooling-focused,False,26372
"Minneapolis, MN",undersupply-focused,10,0,2637,12.852566933783338,2.043488013523764,10.809078920259575,undersupply-focused,False,4500
"Minneapolis, MN",undersupply-focused,10,1,2637,12.810145746079368,2.043488013523764,10.766657732555604,undersupply-focused,False,4500
"Minneapolis, MN",undersupply-focused,10,2,2637,12.806779670326558,2.043488013523764,10.763291656802794,undersupply-focused,False,4500
"Minneapolis, MN",undersupply-focused,10,3,2637,12.865801404731311,2.043488013523764,10.822313391207548,undersupply-focused,False,4500
"Minneapolis, MN",undersupply-focused,10,4,2637,12.86192765363835,2.043488013523764,10.818439640114587,undersupply-focused,False,4500
"Minneapolis, MN",undersupply-focused,10,5,2637,12.761613896194172,2.043488013523764,10.718125882670408,undersupply-focused,False,4500
"Minneapolis, MN",undersupply-focused,10,6,2637,12.866029200901531,2.043488013523764,10.822541187377768,undersupply-focused,False,4500
"Minneapolis, MN",undersupply-focused,10,7,2637,12.893070495845153,2.043488013523764,10.84958248232139,undersupply-focused,False,4500
"Minneapolis, MN",undersupply-focused,10,8,2637,12.869134401409383,2.043488013523764,10.82564638788562,undersupply-focused,False,4500
"Minneapolis, MN",undersupply-focused,10,9,2637,12.937119192296374,2.043488013523764,10.89363117877261,undersupply-focused,False,4500
"Minneapolis, MN",balanced,10,0,2637,6.211178222858814e-05,3.791900500530866e-05,2.4192777223279478e-05,balanced,False,26372
"Minneapolis, MN",balanced,10,1,2637,6.341362251993446e-05,3.791900500530866e-05,2.5494617514625795e-05,balanced,False,26372
"Minneapolis, MN",balanced,10,2,2637,6.0759249793941186e-05,3.791900500530866e-05,2.2840244788632525e-05,balanced,False,26372
"Minneapolis, MN",balanced,10,3,2637,6.131668184562661e-05,3.791900500530866e-05,2.339767684031795e-05,balanced,False,26372
"Minneapolis, MN",balanced,10,4,2637,6.127287236360764e-05,3.791900500530866e-05,2.335386735829898e-05,balanced,False,26372
"Minneapolis, MN",balanced,10,5,2637,6.167399961253079e-05,3.791900500530866e-05,2.3754994607222127e-05,balanced,False,26372
"Minneapolis, MN",balanced,10,6,2637,6.227466790251114e-05,3.791900500530866e-05,2.4355662897202476e-05,balanced,False,26372
"Minneapolis, MN",balanced,10,7,2637,6.155676115598478e-05,3.791900500530866e-05,2.3637756150676115e-05,balanced,False,26372
"Minneapolis, MN",balanced,10,8,2637,6.292472353898558e-05,3.791900500530866e-05,2.5005718533676923e-05,balanced,False,26372
"Minneapolis, MN",balanced,10,9,2637,6.328789226838023e-05,3.791900500530866e-05,2.5368887263071565e-05,balanced,False,26372
"Minneapolis, MN",random,25,0,6593,16.888630623859,16.96243721400333,-0.07380659014432922,flood-focused,False,26372
"Minneapolis, MN",random,25,1,6593,16.956340585291088,16.96243721400333,-0.006096628712242591,flood-focused,False,26372
"Minneapolis, MN",random,25,2,6593,16.934933432869794,16.96243721400333,-0.02750378113353591,flood-focused,False,26372
"Minneapolis, MN",random,25,3,6593,16.898164827562123,16.96243721400333,-0.06427238644120692,flood-focused,False,26372
"Minneapolis, MN",random,25,4,6593,16.928831824371365,16.96243721400333,-0.033605389631965465,flood-focused,False,26372
"Minneapolis, MN",random,25,5,6593,16.958660171751454,16.96243721400333,-0.0037770422518761393,flood-focused,False,26372
"Minneapolis, MN",random,25,6,6593,16.930829978388115,16.96243721400333,-0.0316072356152155,flood-focused,False,26372
"Minneapolis, MN",random,25,7,6593,17.03535177058845,16.96243721400333,0.07291455658511836,flood-focused,False,26372
"Minneapolis, MN",random,25,8,6593,17.048606275108998,16.96243721400333,0.08616906110566802,flood-focused,False,26372
"Minneapolis, MN",random,25,9,6593,16.995875769030278,16.96243721400333,0.03343855502694737,flood-focused,False,26372
"Minneapolis, MN",flood-focused,25,0,6593,18.67279028178471,16.96243721400333,1.71035306778138,flood-focused,False,25917
"Minneapolis, MN",flood-focused,25,1,6593,18.62531803952661,16.96243721400333,1.6628808255232812,flood-focused,False,25917
"Minneapolis, MN",flood-focused,25,2,6593,18.614820275263288,16.96243721400333,1.6523830612599575,flood-focused,False,25917
"Minneapolis, MN",flood-focused,25,3,6593,18.63077819608475,16.96243721400333,1.6683409820814212,flood-focused,False,25917
"Minneapolis, MN",flood-focused,25,4,6593,18.596160693127572,16.96243721400333,1.6337234791242423,flood-focused,False,25917
"Minneapolis, MN",flood-focused,25,5,6593,18.533924162308427,16.96243721400333,1.5714869483050968,flood-focused,False,25917
"Minneapolis, MN",flood-focused,25,6,6593,18.622640857115282,16.96243721400333,1.6602036431119522,flood-focused,False,25917
"Minneapolis, MN",flood-focused,25,7,6593,18.588510647584727,16.96243721400333,1.6260734335813964,flood-focused,False,25917
"Minneapolis, MN",flood-focused,25,8,6593,18.54436843708234,16.96243721400333,1.5819312230790104,flood-focused,False,25917
"Minneapolis, MN",flood-focused,25,9,6593,18.56092050484865,16.96243721400333,1.5984832908453193,flood-focused,False,25917
"Minneapolis, MN",cooling-focused,25,0,6593,0.3907332075437573,0.3606266535453467,0.030106553998410612,cooling-focused,False,26372
"Minneapolis, MN",cooling-focused,25,1,6593,0.39127560205486117,0.3606266535453467,0.030648948509514495,cooling-focused,False,26372
"Minneapolis, MN",cooling-focused,25,2,6593,0.39137838247162043,0.3606266535453467,0.030751728926273758,cooling-focused,False,26372
"Minneapolis, MN",cooling-focused,25,3,6593,0.3904004604073819,0.3606266535453467,0.029773806862035235,cooling-focused,False,26372
"Minneapolis, MN",cooling-focused,25,4,6593,0.3902541611678373,0.3606266535453467,0.029627507622490612,cooling-focused,False,26372
"Minneapolis, MN",cooling-focused,25,5,6593,0.3925130447869603,0.3606266535453467,0.03188639124161363,cooling-focused,False,26372
"Minneapolis, MN",cooling-focused,25,6,6593,0.3924626324651215,0.3606266535453467,0.0318359789197748,cooling-focused,False,26372
"Minneapolis, MN",cooling-focused,25,7,6593,0.39125207860297956,0.3606266535453467,0.030625425057632882,cooling-focused,False,26372
"Minneapolis, MN",cooling-focused,25,8,6593,0.39068620302660007,0.3606266535453467,0.03005954948125339,cooling-focused,False,26372
"Minneapolis, MN",cooling-focused,25,9,6593,0.39188503492387783,0.3606266535453467,0.03125838137853115,cooling-focused,False,26372
"Minneapolis, MN",undersupply-focused,25,0,6593,8.173952054095052,2.043488013523764,6.1304640405712885,undersupply-focused,True,4500
"Minneapolis, MN",undersupply-focused,25,1,6593,8.173952054095054,2.043488013523764,6.13046404057129,undersupply-focused,True,4500
"Minneapolis, MN",undersupply-focused,25,2,6593,8.173952054095054,2.043488013523764,6.13046404057129,undersupply-focused,True,4500
"Minneapolis, MN",undersupply-focused,25,3,6593,8.173952054095054,2.043488013523764,6.13046404057129,undersupply-focused,True,4500
"Minneapolis, MN",undersupply-focused,25,4,6593,8.173952054095054,2.043488013523764,6.13046404057129,undersupply-focused,True,4500
"Minneapolis, MN",undersupply-focused,25,5,6593,8.173952054095052,2.043488013523764,6.1304640405712885,undersupply-focused,True,4500
"Minneapolis, MN",undersupply-focused,25,6,6593,8.173952054095055,2.043488013523764,6.130464040571292,undersupply-focused,True,4500
"Minneapolis, MN",undersupply-focused,25,7,6593,8.173952054095052,2.043488013523764,6.1304640405712885,undersupply-focused,True,4500
"Minneapolis, MN",undersupply-focused,25,8,6593,8.173952054095052,2.043488013523764,6.1304640405712885,undersupply-focused,True,4500
"Minneapolis, MN",undersupply-focused,25,9,6593,8.173952054095055,2.043488013523764,6.130464040571292,undersupply-focused,True,4500
"Minneapolis, MN",balanced,25,0,6593,5.7309300223129095e-05,3.791900500530866e-05,1.9390295217820434e-05,balanced,False,26372
"Minneapolis, MN",balanced,25,1,6593,5.7570897222573357e-05,3.791900500530866e-05,1.9651892217264695e-05,balanced,False,26372
"Minneapolis, MN",balanced,25,2,6593,5.72324072643236e-05,3.791900500530866e-05,1.931340225901494e-05,balanced,False,26372
"Minneapolis, MN",balanced,25,3,6593,5.7515272472740944e-05,3.791900500530866e-05,1.9596267467432283e-05,balanced,False,26372
"Minneapolis, MN",balanced,25,4,6593,5.7661165462207584e-05,3.791900500530866e-05,1.9742160456898922e-05,balanced,False,26372
"Minneapolis, MN",balanced,25,5,6593,5.777201098281476e-05,3.791900500530866e-05,1.9853005977506096e-05,balanced,False,26372
"Minneapolis, MN",balanced,25,6,6593,5.745173931056721e-05,3.791900500530866e-05,1.9532734305258548e-05,balanced,False,26372
"Minneapolis, MN",balanced,25,7,6593,5.72587342135023e-05,3.791900500530866e-05,1.9339729208193637e-05,balanced,False,26372
"Minneapolis, MN",balanced,25,8,6593,5.739328280727483e-05,3.791900500530866e-05,1.9474277801966168e-05,balanced,False,26372
"Minneapolis, MN",balanced,25,9,6593,5.7904484475046994e-05,3.791900500530866e-05,1.9985479469738333e-05,balanced,False,26372
"Minneapolis, MN",random,50,0,13186,16.920429639588303,16.96243721400333,-0.04200757441502745,flood-focused,False,26372
"Minneapolis, MN",random,50,1,13186,16.944425215624193,16.96243721400333,-0.01801199837913714,flood-focused,False,26372
"Minneapolis, MN",random,50,2,13186,16.978359122618503,16.96243721400333,0.015921908615172953,flood-focused,False,26372
"Minneapolis, MN",random,50,3,13186,16.947441400129716,16.96243721400333,-0.014995813873614594,flood-focused,False,26372
"Minneapolis, MN",random,50,4,13186,16.94394326599758,16.96243721400333,-0.018493948005751548,flood-focused,False,26372
"Minneapolis, MN",random,50,5,13186,16.99395879016915,16.96243721400333,0.03152157616581874,flood-focused,False,26372
"Minneapolis, MN",random,50,6,13186,17.0001253793886,16.96243721400333,0.0376881653852692,flood-focused,False,26372
"Minneapolis, MN",random,50,7,13186,17.001480339436092,16.96243721400333,0.03904312543276234,flood-focused,False,26372
"Minneapolis, MN",random,50,8,13186,17.040662866303204,16.96243721400333,0.07822565229987433,flood-focused,False,26372
"Minneapolis, MN",random,50,9,13186,16.966335218632665,16.96243721400333,0.0038980046293346504,flood-focused,False,26372
"Minneapolis, MN",flood-focused,50,0,13186,18.4717660018154,16.96243721400333,1.5093287878120698,flood-focused,False,25917
"Minneapolis, MN",flood-focused,50,1,13186,18.457874911923387,16.96243721400333,1.4954376979200568,flood-focused,False,25917
"Minneapolis, MN",flood-focused,50,2,13186,18.43171087168098,16.96243721400333,1.4692736576776504,flood-focused,False,25917
"Minneapolis, MN",flood-focused,50,3,13186,18.418561506363243,16.96243721400333,1.4561242923599131,flood-focused,False,25917
"Minneapolis, MN",flood-focused,50,4,13186,18.43461251182071,16.96243721400333,1.4721752978173797,flood-focused,False,25917
"Minneapolis, MN",flood-focused,50,5,13186,18.420858358086054,16.96243721400333,1.458421144082724,flood-focused,False,25917
"Minneapolis, MN",flood-focused,50,6,13186,18.417219214456946,16.96243721400333,1.4547820004536156,flood-focused,False,25917
"Minneapolis, MN",flood-focused,50,7,13186,18.43431360064866,16.96243721400333,1.4718763866453308,flood-focused,False,25917
"Minneapolis, MN",flood-focused,50,8,13186,18.396512506321645,16.96243721400333,1.4340752923183153,flood-focused,False,25917
"Minneapolis, MN",flood-focused,50,9,13186,18.409288640359428,16.96243721400333,1.4468514263560976,flood-focused,False,25917
"Minneapolis, MN",cooling-focused,50,0,13186,0.3867478614635725,0.3606266535453467,0.02612120791822581,cooling-focused,False,26372
"Minneapolis, MN",cooling-focused,50,1,13186,0.38830691306979326,0.3606266535453467,0.027680259524446582,cooling-focused,False,26372
"Minneapolis, MN",cooling-focused,50,2,13186,0.38776721050003254,0.3606266535453467,0.027140556954685868,cooling-focused,False,26372
"Minneapolis, MN",cooling-focused,50,3,13186,0.3879227216394933,0.3606266535453467,0.02729606809414664,cooling-focused,False,26372
"Minneapolis, MN",cooling-focused,50,4,13186,0.38681359666325743,0.3606266535453467,0.026186943117910755,cooling-focused,False,26372
"Minneapolis, MN",cooling-focused,50,5,13186,0.3889561470322025,0.3606266535453467,0.028329493486855817,cooling-focused,False,26372
"Minneapolis, MN",cooling-focused,50,6,13186,0.3888729499899671,0.3606266535453467,0.0282462964446204,cooling-focused,False,26372
"Minneapolis, MN",cooling-focused,50,7,13186,0.38748384829776233,0.3606266535453467,0.02685719475241566,cooling-focused,False,26372
"Minneapolis, MN",cooling-focused,50,8,13186,0.3864317789026185,0.3606266535453467,0.025805125357271808,cooling-focused,False,26372
"Minneapolis, MN",cooling-focused,50,9,13186,0.3877288842099824,0.3606266535453467,0.02710223066463574,cooling-focused,False,26372
"Minneapolis, MN",undersupply-focused,50,0,13186,4.086976027047526,2.043488013523764,2.043488013523762,undersupply-focused,True,4500
"Minneapolis, MN",undersupply-focused,50,1,13186,4.086976027047527,2.043488013523764,2.043488013523763,undersupply-focused,True,4500
"Minneapolis, MN",undersupply-focused,50,2,13186,4.086976027047527,2.043488013523764,2.043488013523763,undersupply-focused,True,4500
"Minneapolis, MN",undersupply-focused,50,3,13186,4.086976027047527,2.043488013523764,2.043488013523763,undersupply-focused,True,4500
"Minneapolis, MN",undersupply-focused,50,4,13186,4.086976027047527,2.043488013523764,2.043488013523763,undersupply-focused,True,4500
"Minneapolis, MN",undersupply-focused,50,5,13186,4.086976027047526,2.043488013523764,2.043488013523762,undersupply-focused,True,4500
"Minneapolis, MN",undersupply-focused,50,6,13186,4.086976027047528,2.043488013523764,2.043488013523764,undersupply-focused,True,4500
"Minneapolis, MN",undersupply-focused,50,7,13186,4.086976027047526,2.043488013523764,2.043488013523762,undersupply-focused,True,4500
"Minneapolis, MN",undersupply-focused,50,8,13186,4.086976027047526,2.043488013523764,2.043488013523762,undersupply-focused,True,4500
"Minneapolis, MN",undersupply-focused,50,9,13186,4.086976027047528,2.043488013523764,2.043488013523764,undersupply-focused,True,4500
"Minneapolis, MN",balanced,50,0,13186,4.9754850749611036e-05,3.791900500530866e-05,1.1835845744302375e-05,balanced,False,26372
"Minneapolis, MN",balanced,50,1,13186,4.9702144373606175e-05,3.791900500530866e-05,1.1783139368297514e-05,balanced,False,26372
"Minneapolis, MN",balanced,50,2,13186,4.9858685745849607e-05,3.791900500530866e-05,1.1939680740540945e-05,balanced,False,26372
"Minneapolis, MN",balanced,50,3,13186,4.97168138468111e-05,3.791900500530866e-05,1.1797808841502438e-05,balanced,False,26372
"Minneapolis, MN",balanced,50,4,13186,4.9673081242204916e-05,3.791900500530866e-05,1.1754076236896254e-05,balanced,False,26372
"Minneapolis, MN",balanced,50,5,13186,4.985762517675108e-05,3.791900500530866e-05,1.1938620171442419e-05,balanced,False,26372
"Minneapolis, MN",balanced,50,6,13186,4.995152254286347e-05,3.791900500530866e-05,1.2032517537554807e-05,balanced,False,26372
"Minneapolis, MN",balanced,50,7,13186,4.9677721420113866e-05,3.791900500530866e-05,1.1758716414805204e-05,balanced,False,26372
"Minneapolis, MN",balanced,50,8,13186,4.979007572185957e-05,3.791900500530866e-05,1.187107071655091e-05,balanced,False,26372
"Minneapolis, MN",balanced,50,9,13186,4.997414327261184e-05,3.791900500530866e-05,1.2055138267303178e-05,balanced,False,26372
"Minneapolis Full, MN",random,10,0,8587,14.13781182417657,14.117868720419317,0.019943103757253056,flood-focused,False,85873
"Minneapolis Full, MN",random,10,1,8587,14.118776681176323,14.117868720419317,0.0009079607570061654,flood-focused,False,85873
"Minneapolis Full, MN",random,10,2,8587,14.133643269202574,14.117868720419317,0.015774548783257458,flood-focused,False,85873
"Minneapolis Full, MN",random,10,3,8587,14.031507013049278,14.117868720419317,-0.08636170737003823,flood-focused,False,85873
"Minneapolis Full, MN",random,10,4,8587,14.179272500674513,14.117868720419317,0.06140378025519588,flood-focused,False,85873
"Minneapolis Full, MN",random,10,5,8587,14.076153363025089,14.117868720419317,-0.04171535739422794,flood-focused,False,85873
"Minneapolis Full, MN",random,10,6,8587,14.162681166986086,14.117868720419317,0.04481244656676964,flood-focused,False,85873
"Minneapolis Full, MN",random,10,7,8587,14.039995482994177,14.117868720419317,-0.07787323742513941,flood-focused,False,85873
"Minneapolis Full, MN",random,10,8,8587,14.155578772917462,14.117868720419317,0.037710052498145075,flood-focused,False,85873
"Minneapolis Full, MN",random,10,9,8587,14.105665169443386,14.117868720419317,-0.012203550975931066,flood-focused,False,85873
"Minneapolis Full, MN",flood-focused,10,0,8587,15.443544452495086,14.117868720419317,1.3256757320757693,flood-focused,False,82119
"Minneapolis Full, MN",flood-focused,10,1,8587,15.419429286067759,14.117868720419317,1.3015605656484421,flood-focused,False,82119
"Minneapolis Full, MN",flood-focused,10,2,8587,15.434007829462196,14.117868720419317,1.3161391090428793,flood-focused,False,82119
"Minneapolis Full, MN",flood-focused,10,3,8587,15.450687518188703,14.117868720419317,1.3328187977693862,flood-focused,False,82119
"Minneapolis Full, MN",flood-focused,10,4,8587,15.474069796994023,14.117868720419317,1.3562010765747061,flood-focused,False,82119
"Minneapolis Full, MN",flood-focused,10,5,8587,15.472966714804901,14.117868720419317,1.3550979943855843,flood-focused,False,82119
"Minneapolis Full, MN",flood-focused,10,6,8587,15.460030718938338,14.117868720419317,1.3421619985190212,flood-focused,False,82119
"Minneapolis Full, MN",flood-focused,10,7,8587,15.474769856223565,14.117868720419317,1.3569011358042484,flood-focused,False,82119
"Minneapolis Full, MN",flood-focused,10,8,8587,15.48099629391017,14.117868720419317,1.3631275734908535,flood-focused,False,82119
"Minneapolis Full, MN",flood-focused,10,9,8587,15.454671180442539,14.117868720419317,1.3368024600232218,flood-focused,False,82119
"Minneapolis Full, MN",cooling-focused,10,0,8587,0.38995490996288884,0.35805228066127276,0.03190262930161608,cooling-focused,False,85873
"Minneapolis Full, MN",cooling-focused,10,1,8587,0.3902494050597844,0.35805228066127276,0.032197124398511634,cooling-focused,False,85873
"Minneapolis Full, MN",cooling-focused,10,2,8587,0.3898384286623848,0.35805228066127276,0.03178614800111201,cooling-focused,False,85873
"Minneapolis Full, MN",cooling-focused,10,3,8587,0.38962815485751773,0.35805228066127276,0.03157587419624497,cooling-focused,False,85873
"Minneapolis Full, MN",cooling-focused,10,4,8587,0.390585143283677,0.35805228066127276,0.032532862622404235,cooling-focused,False,85873
"Minneapolis Full, MN",cooling-focused,10,5,8587,0.38767940854622923,0.35805228066127276,0.029627127884956472,cooling-focused,False,85873
"Minneapolis Full, MN",cooling-focused,10,6,8587,0.39110248204066966,0.35805228066127276,0.033050201379396904,cooling-focused,False,85873
"Minneapolis Full, MN",cooling-focused,10,7,8587,0.39128356777933393,0.35805228066127276,0.03323128711806117,cooling-focused,False,85873
"Minneapolis Full, MN",cooling-focused,10,8,8587,0.38900117126087447,0.35805228066127276,0.03094889059960171,cooling-focused,False,85873
"Minneapolis Full, MN",cooling-focused,10,9,8587,0.38910015294129946,0.35805228066127276,0.0310478722800267,cooling-focused,False,85873
"Minneapolis Full, MN",undersupply-focused,10,0,8587,12.369874180012433,2.524380441077921,9.845493738934511,undersupply-focused,False,20384
"Minneapolis Full, MN",undersupply-focused,10,1,8587,12.374497383710468,2.524380441077921,9.850116942632546,undersupply-focused,False,20384
"Minneapolis Full, MN",undersupply-focused,10,2,8587,12.335687854698469,2.524380441077921,9.811307413620547,undersupply-focused,False,20384
"Minneapolis Full, MN",undersupply-focused,10,3,8587,12.359765560950565,2.524380441077921,9.835385119872644,undersupply-focused,False,20384
"Minneapolis Full, MN",undersupply-focused,10,4,8587,12.30993555750088,2.524380441077921,9.785555116422959,undersupply-focused,False,20384
"Minneapolis Full, MN",undersupply-focused,10,5,8587,12.345065534414923,2.524380441077921,9.820685093337001,undersupply-focused,False,20384
"Minneapolis Full, MN",undersupply-focused,10,6,8587,12.360431695727115,2.524380441077921,9.836051254649194,undersupply-focused,False,20384
"Minneapolis Full, MN",undersupply-focused,10,7,8587,12.34416671764235,2.524380441077921,9.819786276564429,undersupply-focused,False,20384
"Minneapolis Full, MN",undersupply-focused,10,8,8587,12.414123948003496,2.524380441077921,9.889743506925575,undersupply-focused,False,20384
"Minneapolis Full, MN",undersupply-focused,10,9,8587,12.389804454930406,2.524380441077921,9.865424013852484,undersupply-focused,False,20384
"Minneapolis Full, MN",balanced,10,0,8587,1.7649725816935834e-05,1.164510381610052e-05,6.004622000835314e-06,balanced,False,85873
"Minneapolis Full, MN",balanced,10,1,8587,1.739187698797758e-05,1.164510381610052e-05,5.746773171877059e-06,balanced,False,85873
"Minneapolis Full, MN",balanced,10,2,8587,1.7462651777070002e-05,1.164510381610052e-05,5.817547960969482e-06,balanced,False,85873
"Minneapolis Full, MN",balanced,10,3,8587,1.7365490894000054e-05,1.164510381610052e-05,5.7203870778995345e-06,balanced,False,85873
"Minneapolis Full, MN",balanced,10,4,8587,1.739976013161979e-05,1.164510381610052e-05,5.754656315519269e-06,balanced,False,85873
"Minneapolis Full, MN",balanced,10,5,8587,1.7332799198914075e-05,1.164510381610052e-05,5.687695382813555e-06,balanced,False,85873
"Minneapolis Full, MN",balanced,10,6,8587,1.7579284087116267e-05,1.164510381610052e-05,5.934180271015747e-06,balanced,False,85873
"Minneapolis Full, MN",balanced,10,7,8587,1.7330758783683585e-05,1.164510381610052e-05,5.6856549675830656e-06,balanced,False,85873
"Minneapolis Full, MN",balanced,10,8,8587,1.7531070367107762e-05,1.164510381610052e-05,5.8859665510072425e-06,balanced,False,85873
"Minneapolis Full, MN",balanced,10,9,8587,1.7365647011032876e-05,1.164510381610052e-05,5.720543194932356e-06,balanced,False,85873
"Minneapolis Full, MN",random,25,0,21468,14.099052273912333,14.117868720419317,-0.018816446506983553,flood-focused,False,85873
"Minneapolis Full, MN",random,25,1,21468,14.138849539375478,14.117868720419317,0.02098081895616133,flood-focused,False,85873
"Minneapolis Full, MN",random,25,2,21468,14.136587033418147,14.117868720419317,0.0187183129988302,flood-focused,False,85873
"Minneapolis Full, MN",random,25,3,21468,14.088585152541352,14.117868720419317,-0.0292835678779646,flood-focused,False,85873
"Minneapolis Full, MN",random,25,4,21468,14.139179184048292,14.117868720419317,0.02131046362897493,flood-focused,False,85873
"Minneapolis Full, MN",random,25,5,21468,14.107241726520542,14.117868720419317,-0.010626993898775083,flood-focused,False,85873
"Minneapolis Full, MN",random,25,6,21468,14.158855590136485,14.117868720419317,0.040986869717167806,flood-focused,False,85873
"Minneapolis Full, MN",random,25,7,21468,14.09085295012705,14.117868720419317,-0.027015770292265984,flood-focused,False,85873
"Minneapolis Full, MN",random,25,8,21468,14.104311029780668,14.117868720419317,-0.013557690638648978,flood-focused,False,85873
"Minneapolis Full, MN",random,25,9,21468,14.080734766835256,14.117868720419317,-0.037133953584060464,flood-focused,False,85873
"Minneapolis Full, MN",flood-focused,25,0,21468,15.412015819265234,14.117868720419317,1.294147098845917,flood-focused,False,82119
"Minneapolis Full, MN",flood-focused,25,1,21468,15.390491845414797,14.117868720419317,1.27262312499548,flood-focused,False,82119
"Minneapolis Full, MN",flood-focused,25,2,21468,15.437115607894107,14.117868720419317,1.3192468874747902,flood-focused,False,82119
"Minneapolis Full, MN",flood-focused,25,3,21468,15.436075484674138,14.117868720419317,1.3182067642548212,flood-focused,False,82119
"Minneapolis Full, MN",flood-focused,25,4,21468,15.438144930618103,14.117868720419317,1.3202762101987862,flood-focused,False,82119
"Minneapolis Full, MN",flood-focused,25,5,21468,15.432423657158779,14.117868720419317,1.3145549367394622,flood-focused,False,82119
"Minneapolis Full, MN",flood-focused,25,6,21468,15.428015900318576,14.117868720419317,1.3101471798992588,flood-focused,False,82119
"Minneapolis Full, MN",flood-focused,25,7,21468,15.421816761885266,14.117868720419317,1.303948041465949,flood-focused,False,82119
"Minneapolis Full, MN",flood-focused,25,8,21468,15.433542402361914,14.117868720419317,1.315673681942597,flood-focused,False,82119
"Minneapolis Full, MN",flood-focused,25,9,21468,15.426857142883879,14.117868720419317,1.3089884224645623,flood-focused,False,82119
"Minneapolis Full, MN",cooling-focused,25,0,21468,0.38774827492073133,0.35805228066127276,0.02969599425945857,cooling-focused,False,85873
"Minneapolis Full, MN",cooling-focused,25,1,21468,0.3883395882190152,0.35805228066127276,0.03028730755774245,cooling-focused,False,85873
"Minneapolis Full, MN",cooling-focused,25,2,21468,0.3884318860302998,0.35805228066127276,0.030379605369027063,cooling-focused,False,85873
"Minneapolis Full, MN",cooling-focused,25,3,21468,0.38761160910176007,0.35805228066127276,0.02955932844048731,cooling-focused,False,85873
"Minneapolis Full, MN",cooling-focused,25,4,21468,0.3883900045071266,0.35805228066127276,0.030337723845853815,cooling-focused,False,85873
"Minneapolis Full, MN",cooling-focused,25,5,21468,0.38717477138998896,0.35805228066127276,0.0291224907287162,cooling-focused,False,85873
"Minneapolis Full, MN",cooling-focused,25,6,21468,0.3894670184276239,0.35805228066127276,0.03141473776635112,cooling-focused,False,85873
"Minneapolis Full, MN",cooling-focused,25,7,21468,0.38867584588566223,0.35805228066127276,0.03062356522438947,cooling-focused,False,85873
"Minneapolis Full, MN",cooling-focused,25,8,21468,0.38848621935914984,0.35805228066127276,0.030433938697877083,cooling-focused,False,85873
"Minneapolis Full, MN",cooling-focused,25,9,21468,0.38780583220027964,0.35805228066127276,0.029753551539006884,cooling-focused,False,85873
"Minneapolis Full, MN",undersupply-focused,25,0,21468,10.09763935237024,2.524380441077921,7.573258911292319,undersupply-focused,True,20384
"Minneapolis Full, MN",undersupply-focused,25,1,21468,10.09763935237024,2.524380441077921,7.573258911292319,undersupply-focused,True,20384
"Minneapolis Full, MN",undersupply-focused,25,2,21468,10.09763935237024,2.524380441077921,7.573258911292319,undersupply-focused,True,20384
"Minneapolis Full, MN",undersupply-focused,25,3,21468,10.09763935237024,2.524380441077921,7.573258911292319,undersupply-focused,True,20384
"Minneapolis Full, MN",undersupply-focused,25,4,21468,10.09763935237024,2.524380441077921,7.573258911292319,undersupply-focused,True,20384
"Minneapolis Full, MN",undersupply-focused,25,5,21468,10.09763935237024,2.524380441077921,7.573258911292319,undersupply-focused,True,20384
"Minneapolis Full, MN",undersupply-focused,25,6,21468,10.09763935237024,2.524380441077921,7.573258911292319,undersupply-focused,True,20384
"Minneapolis Full, MN",undersupply-focused,25,7,21468,10.09763935237024,2.524380441077921,7.573258911292319,undersupply-focused,True,20384
"Minneapolis Full, MN",undersupply-focused,25,8,21468,10.09763935237024,2.524380441077921,7.573258911292319,undersupply-focused,True,20384
"Minneapolis Full, MN",undersupply-focused,25,9,21468,10.09763935237024,2.524380441077921,7.573258911292319,undersupply-focused,True,20384
"Minneapolis Full, MN",balanced,25,0,21468,1.669611007779841e-05,1.164510381610052e-05,5.051006261697889e-06,balanced,False,85873
"Minneapolis Full, MN",balanced,25,1,21468,1.6589189689470877e-05,1.164510381610052e-05,4.944085873370357e-06,balanced,False,85873
"Minneapolis Full, MN",balanced,25,2,21468,1.6690189591581175e-05,1.164510381610052e-05,5.045085775480655e-06,balanced,False,85873
"Minneapolis Full, MN",balanced,25,3,21468,1.659157721755347e-05,1.164510381610052e-05,4.9464734014529496e-06,balanced,False,85873
"Minneapolis Full, MN",balanced,25,4,21468,1.651014567923509e-05,1.164510381610052e-05,4.86504186313457e-06,balanced,False,85873
"Minneapolis Full, MN",balanced,25,5,21468,1.659884220617633e-05,1.164510381610052e-05,4.95373839007581e-06,balanced,False,85873
"Minneapolis Full, MN",balanced,25,6,21468,1.657748196194406e-05,1.164510381610052e-05,4.932378145843539e-06,balanced,False,85873
"Minneapolis Full, MN",balanced,25,7,21468,1.652793100063411e-05,1.164510381610052e-05,4.882827184533589e-06,balanced,False,85873
"Minneapolis Full, MN",balanced,25,8,21468,1.659697272801335e-05,1.164510381610052e-05,4.95186891191283e-06,balanced,False,85873
"Minneapolis Full, MN",balanced,25,9,21468,1.6558007048168804e-05,1.164510381610052e-05,4.912903232068284e-06,balanced,False,85873
"Minneapolis Full, MN",random,50,0,42936,14.13149295255582,14.117868720419317,0.013624232136503878,flood-focused,False,85873
"Minneapolis Full, MN",random,50,1,42936,14.134134038301228,14.117868720419317,0.016265317881911656,flood-focused,False,85873
"Minneapolis Full, MN",random,50,2,42936,14.115235263863728,14.117868720419317,-0.0026334565555892198,flood-focused,False,85873
"Minneapolis Full, MN",random,50,3,42936,14.091934934653866,14.117868720419317,-0.025933785765451134,flood-focused,False,85873
"Minneapolis Full, MN",random,50,4,42936,14.132399599225955,14.117868720419317,0.014530878806638725,flood-focused,False,85873
"Minneapolis Full, MN",random,50,5,42936,14.108174328402168,14.117868720419317,-0.009694392017149056,flood-focused,False,85873
"Minneapolis Full, MN",random,50,6,42936,14.126262413230265,14.117868720419317,0.008393692810948039,flood-focused,False,85873
"Minneapolis Full, MN",random,50,7,42936,14.102297161099866,14.117868720419317,-0.015571559319450756,flood-focused,False,85873
"Minneapolis Full, MN",random,50,8,42936,14.12844727980118,14.117868720419317,0.010578559381864139,flood-focused,False,85873
"Minneapolis Full, MN",random,50,9,42936,14.116603447639934,14.117868720419317,-0.001265272779383153,flood-focused,False,85873
"Minneapolis Full, MN",flood-focused,50,0,42936,15.36360210049254,14.117868720419317,1.245733380073224,flood-focused,False,82119
"Minneapolis Full, MN",flood-focused,50,1,42936,15.360400788414239,14.117868720419317,1.2425320679949223,flood-focused,False,82119
"Minneapolis Full, MN",flood-focused,50,2,42936,15.353799153773528,14.117868720419317,1.235930433354211,flood-focused,False,82119
"Minneapolis Full, MN",flood-focused,50,3,42936,15.353130762533468,14.117868720419317,1.235262042114151,flood-focused,False,82119
"Minneapolis Full, MN",flood-focused,50,4,42936,15.343596231852265,14.117868720419317,1.2257275114329484,flood-focused,False,82119
"Minneapolis Full, MN",flood-focused,50,5,42936,15.357758486802108,14.117868720419317,1.2398897663827917,flood-focused,False,82119
"Minneapolis Full, MN",flood-focused,50,6,42936,15.367278523277848,14.117868720419317,1.2494098028585316,flood-focused,False,82119
"Minneapolis Full, MN",flood-focused,50,7,42936,15.363942372415,14.117868720419317,1.2460736519956832,flood-focused,False,82119
"Minneapolis Full, MN",flood-focused,50,8,42936,15.36901651377229,14.117868720419317,1.251147793352974,flood-focused,False,82119
"Minneapolis Full, MN",flood-focused,50,9,42936,15.35906130881774,14.117868720419317,1.2411925883984232,flood-focused,False,82119
"Minneapolis Full, MN",cooling-focused,50,0,42936,0.384963733556915,0.35805228066127276,0.02691145289564223,cooling-focused,False,85873
"Minneapolis Full, MN",cooling-focused,50,1,42936,0.3846417285752514,0.35805228066127276,0.02658944791397866,cooling-focused,False,85873
"Minneapolis Full, MN",cooling-focused,50,2,42936,0.3844129184242333,0.35805228066127276,0.026360637762960548,cooling-focused,False,85873
"Minneapolis Full, MN",cooling-focused,50,3,42936,0.38440365191208364,0.35805228066127276,0.026351371250810884,cooling-focused,False,85873
"Minneapolis Full, MN",cooling-focused,50,4,42936,0.38499308777337843,0.35805228066127276,0.02694080711210567,cooling-focused,False,85873
"Minneapolis Full, MN",cooling-focused,50,5,42936,0.38368495843663936,0.35805228066127276,0.025632677775366597,cooling-focused,False,85873
"Minneapolis Full, MN",cooling-focused,50,6,42936,0.3850564105994034,0.35805228066127276,0.027004129938130617,cooling-focused,False,85873
"Minneapolis Full, MN",cooling-focused,50,7,42936,0.3852514267648272,0.35805228066127276,0.02719914610355445,cooling-focused,False,85873
"Minneapolis Full, MN",cooling-focused,50,8,42936,0.3845650338222512,0.35805228066127276,0.026512753160978453,cooling-focused,False,85873
"Minneapolis Full, MN",cooling-focused,50,9,42936,0.3845405031146628,0.35805228066127276,0.026488222453390053,cooling-focused,False,85873
"Minneapolis Full, MN",undersupply-focused,50,0,42936,5.04881967618512,2.524380441077921,2.524439235107199,undersupply-focused,True,20384
"Minneapolis Full, MN",undersupply-focused,50,1,42936,5.04881967618512,2.524380441077921,2.524439235107199,undersupply-focused,True,20384
"Minneapolis Full, MN",undersupply-focused,50,2,42936,5.04881967618512,2.524380441077921,2.524439235107199,undersupply-focused,True,20384
"Minneapolis Full, MN",undersupply-focused,50,3,42936,5.04881967618512,2.524380441077921,2.524439235107199,undersupply-focused,True,20384
"Minneapolis Full, MN",undersupply-focused,50,4,42936,5.04881967618512,2.524380441077921,2.524439235107199,undersupply-focused,True,20384
"Minneapolis Full, MN",undersupply-focused,50,5,42936,5.04881967618512,2.524380441077921,2.524439235107199,undersupply-focused,True,20384
"Minneapolis Full, MN",undersupply-focused,50,6,42936,5.04881967618512,2.524380441077921,2.524439235107199,undersupply-focused,True,20384
"Minneapolis Full, MN",undersupply-focused,50,7,42936,5.04881967618512,2.524380441077921,2.524439235107199,undersupply-focused,True,20384
"Minneapolis Full, MN",undersupply-focused,50,8,42936,5.04881967618512,2.524380441077921,2.524439235107199,undersupply-focused,True,20384
"Minneapolis Full, MN",undersupply-focused,50,9,42936,5.04881967618512,2.524380441077921,2.524439235107199,undersupply-focused,True,20384
"Minneapolis Full, MN",balanced,50,0,42936,1.499261712460226e-05,1.164510381610052e-05,3.3475133085017393e-06,balanced,False,85873
"Minneapolis Full, MN",balanced,50,1,42936,1.4980161692157685e-05,1.164510381610052e-05,3.335057876057165e-06,balanced,False,85873
"Minneapolis Full, MN",balanced,50,2,42936,1.5007921690206281e-05,1.164510381610052e-05,3.362817874105761e-06,balanced,False,85873
"Minneapolis Full, MN",balanced,50,3,42936,1.4973060912540501e-05,1.164510381610052e-05,3.3279570964399815e-06,balanced,False,85873
"Minneapolis Full, MN",balanced,50,4,42936,1.4945439235310031e-05,1.164510381610052e-05,3.3003354192095113e-06,balanced,False,85873
"Minneapolis Full, MN",balanced,50,5,42936,1.5012122371545246e-05,1.164510381610052e-05,3.367018555444726e-06,balanced,False,85873
"Minneapolis Full, MN",balanced,50,6,42936,1.497036970331124e-05,1.164510381610052e-05,3.3252658872107195e-06,balanced,False,85873
"Minneapolis Full, MN",balanced,50,7,42936,1.4944415411592872e-05,1.164510381610052e-05,3.299311595492352e-06,balanced,False,85873
"Minneapolis Full, MN",balanced,50,8,42936,1.4997564336822956e-05,1.164510381610052e-05,3.3524605207224365e-06,balanced,False,85873
"Minneapolis Full, MN",balanced,50,9,42936,1.4949991058318874e-05,1.164510381610052e-05,3.3048872422183537e-06,balanced,False,85873
"San Antonio, TX",random,10,0,84048,17.621474596081715,17.61288781580866,0.00858678027305615,flood-focused,False,840488
"San Antonio, TX",random,10,1,84048,17.62558013403261,17.61288781580866,0.01269231822395156,flood-focused,False,840488
"San Antonio, TX",random,10,2,84048,17.600916373338364,17.61288781580866,-0.011971442470294136,flood-focused,False,840488
"San Antonio, TX",random,10,3,84048,17.64180307129794,17.61288781580866,0.028915255489280867,flood-focused,False,840488
"San Antonio, TX",random,10,4,84048,17.59260656967875,17.61288781580866,-0.020281246129908226,flood-focused,False,840488
"San Antonio, TX",random,10,5,84048,17.590965936885656,17.61288781580866,-0.02192187892300268,flood-focused,False,840488
"San Antonio, TX",random,10,6,84048,17.616168629708277,17.61288781580866,0.0032808138996180958,flood-focused,False,840488
"San Antonio, TX",random,10,7,84048,17.622962582518518,17.61288781580866,0.010074766709859517,flood-focused,False,840488
"San Antonio, TX",random,10,8,84048,17.613166892544722,17.61288781580866,0.0002790767360636437,flood-focused,False,840488
"San Antonio, TX",random,10,9,84048,17.61044843767523,17.61288781580866,-0.002439378133427539,flood-focused,False,840488
"San Antonio, TX",flood-focused,10,0,84048,18.855108139759725,17.61288781580866,1.2422203239510665,flood-focused,False,838331
"San Antonio, TX",flood-focused,10,1,84048,18.83901166847695,17.61288781580866,1.226123852668291,flood-focused,False,838331
"San Antonio, TX",flood-focused,10,2,84048,18.830031784636006,17.61288781580866,1.2171439688273473,flood-focused,False,838331
"San Antonio, TX",flood-focused,10,3,84048,18.842953157941864,17.61288781580866,1.230065342133205,flood-focused,False,838331
"San Antonio, TX",flood-focused,10,4,84048,18.834766885279688,17.61288781580866,1.2218790694710293,flood-focused,False,838331
"San Antonio, TX",flood-focused,10,5,84048,18.84228819967314,17.61288781580866,1.2294003838644798,flood-focused,False,838331
"San Antonio, TX",flood-focused,10,6,84048,18.85858953700574,17.61288781580866,1.245701721197083,flood-focused,False,838331
"San Antonio, TX",flood-focused,10,7,84048,18.852399920395484,17.61288781580866,1.2395121045868258,flood-focused,False,838331
"San Antonio, TX",flood-focused,10,8,84048,18.857570164691662,17.61288781580866,1.2446823488830034,flood-focused,False,838331
"San Antonio, TX",flood-focused,10,9,84048,18.846933197406855,17.61288781580866,1.2340453815981967,flood-focused,False,838331
"San Antonio, TX",cooling-focused,10,0,84048,0.35460765740498423,0.30934275258613786,0.045264904818846374,cooling-focused,False,840488
"San Antonio, TX",cooling-focused,10,1,84048,0.35438733958048413,0.30934275258613786,0.04504458699434627,cooling-focused,False,840488
"San Antonio, TX",cooling-focused,10,2,84048,0.3542662765872371,0.30934275258613786,0.044923524001099224,cooling-focused,False,840488
"San Antonio, TX",cooling-focused,10,3,84048,0.35389371444019396,0.30934275258613786,0.044550961854056104,cooling-focused,False,840488
"San Antonio, TX",cooling-focused,10,4,84048,0.35412013967497397,0.30934275258613786,0.04477738708883611,cooling-focused,False,840488
"San Antonio, TX",cooling-focused,10,5,84048,0.3539755691515263,0.30934275258613786,0.04463281656538842,cooling-focused,False,840488
"San Antonio, TX",cooling-focused,10,6,84048,0.3543175422803878,0.30934275258613786,0.04497478969424995,cooling-focused,False,840488
"San Antonio, TX",cooling-focused,10,7,84048,0.3539291728197016,0.30934275258613786,0.04458642023356374,cooling-focused,False,840488
"San Antonio, TX",cooling-focused,10,8,84048,0.35427016401268974,0.30934275258613786,0.04492741142655188,cooling-focused,False,840488
"San Antonio, TX",cooling-focused,10,9,84048,0.3539763856206425,0.30934275258613786,0.04463363303450463,cooling-focused,False,840488
"San Antonio, TX",undersupply-focused,10,0,84048,2.0527112596604304,0.2052691721380196,1.847442087522411,undersupply-focused,True,34784
"San Antonio, TX",undersupply-focused,10,1,84048,2.0527112596604304,0.2052691721380196,1.847442087522411,undersupply-focused,True,34784
"San Antonio, TX",undersupply-focused,10,2,84048,2.0527112596604304,0.2052691721380196,1.847442087522411,undersupply-focused,True,34784
"San Antonio, TX",undersupply-focused,10,3,84048,2.0527112596604304,0.2052691721380196,1.847442087522411,undersupply-focused,True,34784
"San Antonio, TX",undersupply-focused,10,4,84048,2.0527112596604304,0.2052691721380196,1.847442087522411,undersupply-focused,True,34784
"San Antonio, TX",undersupply-focused,10,5,84048,2.0527112596604304,0.2052691721380196,1.847442087522411,undersupply-focused,True,34784
"San Antonio, TX",undersupply-focused,10,6,84048,2.0527112596604304,0.2052691721380196,1.847442087522411,undersupply-focused,True,34784
"San Antonio, TX",undersupply-focused,10,7,84048,2.0527112596604304,0.2052691721380196,1.847442087522411,undersupply-focused,True,34784
"San Antonio, TX",undersupply-focused,10,8,84048,2.0527112596604304,0.2052691721380196,1.847442087522411,undersupply-focused,True,34784
"San Antonio, TX",undersupply-focused,10,9,84048,2.0527112596604304,0.2052691721380196,1.847442087522411,undersupply-focused,True,34784
"San Antonio, TX",balanced,10,0,84048,3.833181884783468e-06,1.1897849820580423e-06,2.643396902725426e-06,balanced,False,840488
"San Antonio, TX",balanced,10,1,84048,3.834868511876763e-06,1.1897849820580423e-06,2.645083529818721e-06,balanced,False,840488
"San Antonio, TX",balanced,10,2,84048,3.816401677683726e-06,1.1897849820580423e-06,2.6266166956256843e-06,balanced,False,840488
"San Antonio, TX",balanced,10,3,84048,3.818359777782408e-06,1.1897849820580423e-06,2.6285747957243663e-06,balanced,False,840488
"San Antonio, TX",balanced,10,4,84048,3.8272243647868574e-06,1.1897849820580423e-06,2.6374393827288154e-06,balanced,False,840488
"San Antonio, TX",balanced,10,5,84048,3.8140782216911993e-06,1.1897849820580423e-06,2.6242932396331573e-06,balanced,False,840488
"San Antonio, TX",balanced,10,6,84048,3.81199303905163e-06,1.1897849820580423e-06,2.622208056993588e-06,balanced,False,840488
"San Antonio, TX",balanced,10,7,84048,3.822617454108283e-06,1.1897849820580423e-06,2.6328324720502406e-06,balanced,False,840488
"San Antonio, TX",balanced,10,8,84048,3.811303487516911e-06,1.1897849820580423e-06,2.621518505458869e-06,balanced,False,840488
"San Antonio, TX",balanced,10,9,84048,3.809692413979294e-06,1.1897849820580423e-06,2.619907431921252e-06,balanced,False,840488
"San Antonio, TX",random,25,0,210122,17.616106579707896,17.61288781580866,0.0032187638992375867,flood-focused,False,840488
"San Antonio, TX",random,25,1,210122,17.617608278912403,17.61288781580866,0.004720463103744521,flood-focused,False,840488
"San Antonio, TX",random,25,2,210122,17.60240805794263,17.61288781580866,-0.010479757866029615,flood-focused,False,840488
"San Antonio, TX",random,25,3,210122,17.613078589600725,17.61288781580866,0.00019077379206677847,flood-focused,False,840488
"San Antonio, TX",random,25,4,210122,17.605946780104173,17.61288781580866,-0.006941035704485898,flood-focused,False,840488
"San Antonio, TX",random,25,5,210122,17.598315300243783,17.61288781580866,-0.014572515564875488,flood-focused,False,840488
"San Antonio, TX",random,25,6,210122,17.61353885552762,17.61288781580866,0.0006510397189600781,flood-focused,False,840488
"San Antonio, TX",random,25,7,210122,17.612359360479125,17.61288781580866,-0.0005284553295332728,flood-focused,False,840488
"San Antonio, TX",random,25,8,210122,17.61488813205019,17.61288781580866,0.002000316241531408,flood-focused,False,840488
"San Antonio, TX",random,25,9,210122,17.626107098805445,17.61288781580866,0.013219282996786319,flood-focused,False,840488
"San Antonio, TX",flood-focused,25,0,210122,18.78264651724168,17.61288781580866,1.1697587014330217,flood-focused,False,838331
"San Antonio, TX",flood-focused,25,1,210122,18.76603262250698,17.61288781580866,1.1531448066983216,flood-focused,False,838331
"San Antonio, TX",flood-focused,25,2,210122,18.76264308629961,17.61288781580866,1.149755270490953,flood-focused,False,838331
"San Antonio, TX",flood-focused,25,3,210122,18.77046358001771,17.61288781580866,1.157575764209053,flood-focused,False,838331
"San Antonio, TX",flood-focused,25,4,210122,18.76558779996947,17.61288781580866,1.1526999841608117,flood-focused,False,838331
"San Antonio, TX",flood-focused,25,5,210122,18.77347397213513,17.61288781580866,1.1605861563264703,flood-focused,False,838331
"San Antonio, TX",flood-focused,25,6,210122,18.77644533416913,17.61288781580866,1.16355751836047,flood-focused,False,838331
"San Antonio, TX",flood-focused,25,7,210122,18.77637275593613,17.61288781580866,1.1634849401274714,flood-focused,False,838331
"San Antonio, TX",flood-focused,25,8,210122,18.769575794988434,17.61288781580866,1.1566879791797753,flood-focused,False,838331
"San Antonio, TX",flood-focused,25,9,210122,18.77105277932869,17.61288781580866,1.1581649635200328,flood-focused,False,838331
"San Antonio, TX",cooling-focused,25,0,210122,0.351673565329195,0.30934275258613786,0.04233081274305717,cooling-focused,False,840488
"San Antonio, TX",cooling-focused,25,1,210122,0.3517342500674723,0.30934275258613786,0.04239149748133442,cooling-focused,False,840488
"San Antonio, TX",cooling-focused,25,2,210122,0.35167617601547124,0.30934275258613786,0.04233342342933338,cooling-focused,False,840488
"San Antonio, TX",cooling-focused,25,3,210122,0.3516592540735847,0.30934275258613786,0.04231650148744687,cooling-focused,False,840488
"San Antonio, TX",cooling-focused,25,4,210122,0.35179870023921783,0.30934275258613786,0.04245594765307997,cooling-focused,False,840488
"San Antonio, TX",cooling-focused,25,5,210122,0.35180462570476717,0.30934275258613786,0.04246187311862931,cooling-focused,False,840488
"San Antonio, TX",cooling-focused,25,6,210122,0.3516941641083048,0.30934275258613786,0.042351411522166926,cooling-focused,False,840488
"San Antonio, TX",cooling-focused,25,7,210122,0.35167054581828894,0.30934275258613786,0.04232779323215108,cooling-focused,False,840488
"San Antonio, TX",cooling-focused,25,8,210122,0.3519751712770018,0.30934275258613786,0.04263241869086393,cooling-focused,False,840488
"San Antonio, TX",cooling-focused,25,9,210122,0.3516874378577993,0.30934275258613786,0.042344685271661464,cooling-focused,False,840488
"San Antonio, TX",undersupply-focused,25,0,210122,0.8210766885520785,0.2052691721380196,0.6158075164140588,undersupply-focused,True,34784
"San Antonio, TX",undersupply-focused,25,1,210122,0.8210766885520785,0.2052691721380196,0.6158075164140588,undersupply-focused,True,34784
"San Antonio, TX",undersupply-focused,25,2,210122,0.8210766885520785,0.2052691721380196,0.6158075164140588,undersupply-focused,True,34784
"San Antonio, TX",undersupply-focused,25,3,210122,0.8210766885520785,0.2052691721380196,0.6158075164140588,undersupply-focused,True,34784
"San Antonio, TX",undersupply-focused,25,4,210122,0.8210766885520785,0.2052691721380196,0.6158075164140588,undersupply-focused,True,34784
"San Antonio, TX",undersupply-focused,25,5,210122,0.8210766885520785,0.2052691721380196,0.6158075164140588,undersupply-focused,True,34784
"San Antonio, TX",undersupply-focused,25,6,210122,0.8210766885520785,0.2052691721380196,0.6158075164140588,undersupply-focused,True,34784
"San Antonio, TX",undersupply-focused,25,7,210122,0.8210766885520785,0.2052691721380196,0.6158075164140588,undersupply-focused,True,34784
"San Antonio, TX",undersupply-focused,25,8,210122,0.8210766885520785,0.2052691721380196,0.6158075164140588,undersupply-focused,True,34784
"San Antonio, TX",undersupply-focused,25,9,210122,0.8210766885520785,0.2052691721380196,0.6158075164140588,undersupply-focused,True,34784
"San Antonio, TX",balanced,25,0,210122,2.38219676044322e-06,1.1897849820580423e-06,1.1924117783851778e-06,balanced,False,840488
"San Antonio, TX",balanced,25,1,210122,2.3815307383749564e-06,1.1897849820580423e-06,1.1917457563169141e-06,balanced,False,840488
"San Antonio, TX",balanced,25,2,210122,2.382776757881121e-06,1.1897849820580423e-06,1.1929917758230788e-06,balanced,False,840488
"San Antonio, TX",balanced,25,3,210122,2.3835043976806815e-06,1.1897849820580423e-06,1.1937194156226392e-06,balanced,False,840488
"San Antonio, TX",balanced,25,4,210122,2.383049106361022e-06,1.1897849820580423e-06,1.1932641243029796e-06,balanced,False,840488
"San Antonio, TX",balanced,25,5,210122,2.381357819414588e-06,1.1897849820580423e-06,1.1915728373565458e-06,balanced,False,840488
"San Antonio, TX",balanced,25,6,210122,2.3833742720163996e-06,1.1897849820580423e-06,1.1935892899583573e-06,balanced,False,840488
"San Antonio, TX",balanced,25,7,210122,2.3828048547853015e-06,1.1897849820580423e-06,1.1930198727272592e-06,balanced,False,840488
"San Antonio, TX",balanced,25,8,210122,2.383686884147785e-06,1.1897849820580423e-06,1.1939019020897425e-06,balanced,False,840488
"San Antonio, TX",balanced,25,9,210122,2.3835707325530927e-06,1.1897849820580423e-06,1.1937857504950504e-06,balanced,False,840488
"San Antonio, TX",random,50,0,420244,17.614347564161438,17.61288781580866,0.0014597483527793997,flood-focused,False,840488
"San Antonio, TX",random,50,1,420244,17.614233705437346,17.61288781580866,0.0013458896286877575,flood-focused,False,840488
"San Antonio, TX",random,50,2,420244,17.61335745037786,17.61288781580866,0.00046963456919968394,flood-focused,False,840488
"San Antonio, TX",random,50,3,420244,17.611670701015967,17.61288781580866,-0.0012171147926913761,flood-focused,False,840488
"San Antonio, TX",random,50,4,420244,17.612432235201346,17.61288781580866,-0.0004555806073121005,flood-focused,False,840488
"San Antonio, TX",random,50,5,420244,17.604935977161404,17.61288781580866,-0.007951838647255016,flood-focused,False,840488
"San Antonio, TX",random,50,6,420244,17.613231504655293,17.61288781580866,0.0003436888466339383,flood-focused,False,840488
"San Antonio, TX",random,50,7,420244,17.611560209035897,17.61288781580866,-0.0013276067727616692,flood-focused,False,840488
"San Antonio, TX",random,50,8,420244,17.60714999692822,17.61288781580866,-0.005737818880437118,flood-focused,False,840488
"San Antonio, TX",random,50,9,420244,17.614511598379313,17.61288781580866,0.0016237825706539866,flood-focused,False,840488
"San Antonio, TX",flood-focused,50,0,420244,18.63809380710034,17.61288781580866,1.0252059912916813,flood-focused,False,838331
"San Antonio, TX",flood-focused,50,1,420244,18.625793019653965,17.61288781580866,1.0129052038453068,flood-focused,False,838331
"San Antonio, TX",flood-focused,50,2,420244,18.623318757075403,17.61288781580866,1.010430941266744,flood-focused,False,838331
"San Antonio, TX",flood-focused,50,3,420244,18.619183905999932,17.61288781580866,1.0062960901912739,flood-focused,False,838331
"San Antonio, TX",flood-focused,50,4,420244,18.622333036857558,17.61288781580866,1.0094452210488996,flood-focused,False,838331
"San Antonio, TX",flood-focused,50,5,420244,18.626378770422637,17.61288781580866,1.013490954613978,flood-focused,False,838331
"San Antonio, TX",flood-focused,50,6,420244,18.626914762084727,17.61288781580866,1.0140269462760685,flood-focused,False,838331
"San Antonio, TX",flood-focused,50,7,420244,18.627099311957586,17.61288781580866,1.0142114961489277,flood-focused,False,838331
"San Antonio, TX",flood-focused,50,8,420244,18.61895002578103,17.61288781580866,1.0060622099723702,flood-focused,False,838331
"San Antonio, TX",flood-focused,50,9,420244,18.625409831696036,17.61288781580866,1.0125220158873773,flood-focused,False,838331
"San Antonio, TX",cooling-focused,50,0,420244,0.34629006795167483,0.30934275258613786,0.03694731536553697,cooling-focused,False,840488
"San Antonio, TX",cooling-focused,50,1,420244,0.34625041210511964,0.30934275258613786,0.036907659518981784,cooling-focused,False,840488
"San Antonio, TX",cooling-focused,50,2,420244,0.34603775353478355,0.30934275258613786,0.036695000948645695,cooling-focused,False,840488
"San Antonio, TX",cooling-focused,50,3,420244,0.34623244540962456,0.30934275258613786,0.0368896928234867,cooling-focused,False,840488
"San Antonio, TX",cooling-focused,50,4,420244,0.34623053789094027,0.30934275258613786,0.03688778530480241,cooling-focused,False,840488
"San Antonio, TX",cooling-focused,50,5,420244,0.34635409243670356,0.30934275258613786,0.037011339850565705,cooling-focused,False,840488
"San Antonio, TX",cooling-focused,50,6,420244,0.3462373348592871,0.30934275258613786,0.036894582273149235,cooling-focused,False,840488
"San Antonio, TX",cooling-focused,50,7,420244,0.3462989084229812,0.30934275258613786,0.03695615583684336,cooling-focused,False,840488
"San Antonio, TX",cooling-focused,50,8,420244,0.34624961120600534,0.30934275258613786,0.03690685861986748,cooling-focused,False,840488
"San Antonio, TX",cooling-focused,50,9,420244,0.3463906557925809,0.30934275258613786,0.03704790320644302,cooling-focused,False,840488
"San Antonio, TX",undersupply-focused,50,0,420244,0.41053834427603925,0.2052691721380196,0.20526917213801965,undersupply-focused,True,34784
"San Antonio, TX",undersupply-focused,50,1,420244,0.41053834427603925,0.2052691721380196,0.20526917213801965,undersupply-focused,True,34784
"San Antonio, TX",undersupply-focused,50,2,420244,0.41053834427603925,0.2052691721380196,0.20526917213801965,undersupply-focused,True,34784
"San Antonio, TX",undersupply-focused,50,3,420244,0.41053834427603925,0.2052691721380196,0.20526917213801965,undersupply-focused,True,34784
"San Antonio, TX",undersupply-focused,50,4,420244,0.41053834427603925,0.2052691721380196,0.20526917213801965,undersupply-focused,True,34784
"San Antonio, TX",undersupply-focused,50,5,420244,0.41053834427603925,0.2052691721380196,0.20526917213801965,undersupply-focused,True,34784
"San Antonio, TX",undersupply-focused,50,6,420244,0.41053834427603925,0.2052691721380196,0.20526917213801965,undersupply-focused,True,34784
"San Antonio, TX",undersupply-focused,50,7,420244,0.41053834427603925,0.2052691721380196,0.20526917213801965,undersupply-focused,True,34784
"San Antonio, TX",undersupply-focused,50,8,420244,0.41053834427603925,0.2052691721380196,0.20526917213801965,undersupply-focused,True,34784
"San Antonio, TX",undersupply-focused,50,9,420244,0.41053834427603925,0.2052691721380196,0.20526917213801965,undersupply-focused,True,34784
"San Antonio, TX",balanced,50,0,420244,1.6328144313153482e-06,1.1897849820580423e-06,4.43029449257306e-07,balanced,False,840488
"San Antonio, TX",balanced,50,1,420244,1.6326500192972022e-06,1.1897849820580423e-06,4.428650372391599e-07,balanced,False,840488
"San Antonio, TX",balanced,50,2,420244,1.6328174966649848e-06,1.1897849820580423e-06,4.4303251460694255e-07,balanced,False,840488
"San Antonio, TX",balanced,50,3,420244,1.6326401995092774e-06,1.1897849820580423e-06,4.428552174512351e-07,balanced,False,840488
"San Antonio, TX",balanced,50,4,420244,1.632983388462966e-06,1.1897849820580423e-06,4.4319840640492366e-07,balanced,False,840488
"San Antonio, TX",balanced,50,5,420244,1.6328289627339397e-06,1.1897849820580423e-06,4.4304398067589747e-07,balanced,False,840488
"San Antonio, TX",balanced,50,6,420244,1.6325654514690421e-06,1.1897849820580423e-06,4.4278046941099987e-07,balanced,False,840488
"San Antonio, TX",balanced,50,7,420244,1.6326102454876376e-06,1.1897849820580423e-06,4.428252634295953e-07,balanced,False,840488
"San Antonio, TX",balanced,50,8,420244,1.6327776641417992e-06,1.1897849820580423e-06,4.429926820837569e-07,balanced,False,840488
"San Antonio, TX",balanced,50,9,420244,1.6324726372437784e-06,1.1897849820580423e-06,4.4268765518573613e-07,balanced,False,840488
